㐅	wu
㐌	yi
㐬	liu
㐮	xiang
㐳	wu
㐹	yi
㑁	zhuo
㑄	wu
㑅	zuo
㑈	dong
㑊	yi
㑏	zhu
㑐	shu
㑜	yi
㑥	yi
㑧	ji
㑰	hui
㑹	hui
㒂	zhuo
㒃	er
㒅	qi
㒇	wu
㒋	si
㒔	shu
㒙	mian
㒡	you
㒫	ji
㒾	shi
㓁	wang
㓅	ting
㓊	dong
㓖	bi
㓜	you
㓠	dian
㓡	fu
㓩	xuan
㓰	hua
㓳	di
㓷	yi
㓸	zhuo
㔅	xiao
㔆	zan
㔉	zhu
㔕	ji
㔜	ba
㔠	xia
㔯	xuan
㔴	yi
㔵	xuan
㔺	shi
㔾	xian
㕄	zhi
㕈	yi
㕊	fu
㕗	you
㕜	shi
㕦	hua
㕨	fan
㕮	fu
㕱	you
㕲	hua
㕷	hua
㕺	xiao
㕽	si
㖂	yi
㖆	qu
㖇	er
㖟	shou
㖡	ye
㖢	qi
㖦	dong
㖵	ge
㖷	shi
㖻	niu
㖽	ze
㗀	you
㗆	ge
㗇	xia
㗊	ji
㗌	zhi
㗛	xiao
㗧	zhi
㗱	ji
㗼	ye
㗽	xiang
㘀	zuo
㘁	yi
㘅	xian
㘈	yi
㘉	zhi
㘋	xian
㘍	ji
㘗	qu
㘠	bi
㘡	xia
㘣	xuan
㘥	you
㘩	bi
㘪	hao
㘴	zuo
㙀	liu
㙄	bi
㙈	xia
㙏	fu
㙒	ye
㙠	yi
㙤	xia
㙨	ji
㙪	yi
㙫	ji
㙮	da
㙯	yi
㙱	hao
㙷	zhi
㚆	fu
㚊	kai
㚌	hua
㚕	fu
㚚	kong
㚠	xiao
㚡	ji
㚣	xiao
㚤	yi
㚦	yi
㚪	hao
㚭	you
㚵	dong
㚶	si
㚷	er
㚻	ji
㛄	yi
㛅	er
㛕	yi
㛜	you
㛯	fan
㛳	yi
㛷	ji
㛸	shu
㛺	an
㛾	xian
㛿	zhi
㜇	hui
㜈	mu
㜋	yi
㜐	shu
㜑	fu
㜒	yi
㜓	da
㜝	an
㜱	zhi
㜹	qu
㜺	zan
㜼	zhi
㝀	hao
㝁	xuan
㝂	zhi
㝃	mian
㝉	zhu
㝊	shou
㝌	jiu
㝖	yi
㝡	zui
㝣	yi
㝪	dian
㝰	mian
㝸	bian
㝻	jin
㝾	zuo
㞀	hui
㞃	ji
㞄	an
㞆	ji
㞎	ba
㞓	qi
㞔	yi
㞚	qi
㞛	ji
㞟	dian
㞦	ji
㞧	hui
㞻	hao
㞾	ni
㟁	an
㟂	mu
㟃	si
㟄	xiang
㟆	hua
㟊	fu
㟓	qi
㟙	ze
㟚	qi
㟛	zan
㟟	xiang
㟢	qi
㟷	da
㟽	biao
㠀	dao
㠅	fu
㠇	jiu
㠊	qu
㠌	qi
㠍	ji
㠎	ji
㠏	hua
㠑	zui
㠒	biao
㠖	yi
㠙	hao
㠜	ni
㠯	yi
㠱	ji
㠲	bi
㠴	ren
㠶	fan
㠷	ge
㠼	si
㡀	bi
㡉	xian
㡋	ye
㡏	shu
㡔	wu
㡙	bi
㡫	yi
㡭	ji
㡮	ji
㡱	jiu
㡳	zhi
㡶	zhi
㡼	yi
㡾	xian
㢞	yi
㢥	dong
㢩	di
㢰	bi
㢶	bi
㢸	bi
㢺	xian
㢽	er
㣄	qu
㣅	zan
㣇	yi
㣈	si
㣎	mu
㣐	bian
㣙	di
㣥	zhi
㣬	qi
㣱	ze
㣻	yi
㣼	ren
㣽	shu
㣿	zhuo
㤁	mian
㤂	ji
㤆	fan
㤊	xiao
㤋	fen
㤎	ge
㤑	you
㤔	fu
㤖	zhu
㤟	kong
㤬	hui
㤰	zuo
㤱	fu
㤾	san
㥀	zhi
㥅	shou
㥋	yi
㥍	ji
㥓	qi
㥛	ji
㥣	hui
㥴	yi
㥷	ye
㥹	fen
㥾	ni
㦉	yi
㦊	hua
㦐	ni
㦑	xian
㦓	xian
㦗	jin
㦘	ji
㦚	bian
㦤	yi
㦥	xuan
㦴	ge
㦵	zhu
㦸	ji
㦾	yi
㧀	ji
㧁	qu
㧃	shou
㧅	mu
㧆	jin
㧋	xuan
㧑	hui
㧕	liu
㧙	bi
㧣	zhu
㧥	xian
㧦	xuan
㧫	er
㧲	san
㧳	zhuo
㧻	zhuo
㧼	biao
㨁	zhi
㨂	dong
㨈	ji
㨖	zhi
㨤	hui
㨶	dao
㨷	jin
㨹	hui
㨺	mian
㩆	jiu
㩉	da
㩊	xuan
㩋	xiao
㩎	ye
㩓	hui
㩘	ni
㩝	hao
㩤	fu
㩨	hui
㩻	qi
㩼	zhi
㩽	qi
㪄	fu
㪆	di
㪇	xian
㪏	bi
㪑	ye
㪒	ni
㪔	san
㪚	san
㪡	kai
㪣	xiao
㪤	bi
㫂	zhu
㫊	yi
㫍	you
㫎	hui
㫑	zhi
㫓	qi
㫙	fu
㫝	di
㫢	qu
㫨	an
㫫	xian
㫷	ji
㫹	shu
㬎	xian
㬐	jin
㬔	hao
㬗	xian
㬜	jin
㬟	fen
㬤	qi
㬩	hui
㬳	wu
㬵	xiao
㬶	hao
㬼	fu
㭉	hua
㭒	si
㭓	bian
㭕	qu
㭘	ge
㭠	xian
㭪	fu
㭬	zhuo
㭭	ba
㭮	zuo
㭰	zui
㭲	ji
㭹	xian
㭽	di
㮁	xiao
㮋	you
㮌	mian
㮡	guan
㮧	wu
㮨	ji
㮭	xian
㮷	ji
㮹	zhi
㮿	bi
㯀	xuan
㯃	qi
㯄	zhi
㯇	bi
㯗	xian
㯦	qi
㯫	qu
㯮	shu
㯲	jin
㯸	jin
㯹	biao
㰃	mian
㰅	di
㰊	xian
㰎	zui
㰗	qi
㰘	yi
㰝	yi
㰟	ji
㰦	qu
㰨	xia
㰰	xia
㰶	you
㰹	xian
㰺	xia
㰻	yi
㱁	shi
㱅	yi
㱈	jin
㱉	ye
㱊	you
㱌	ye
㱘	an
㱞	yi
㱦	qi
㱱	hui
㱲	yi
㱵	fen
㱸	bi
㲁	kong
㲃	jiu
㲅	ji
㲍	zhi
㲔	xian
㲖	xiao
㲗	fu
㲘	qu
㲛	zhi
㲢	bian
㲺	ji
㲻	ni
㲼	yi
㲿	wang
㳁	ze
㳄	xian
㳇	fu
㳊	you
㳎	bian
㳏	shi
㳑	yi
㳒	bian
㳖	yi
㳙	xuan
㳫	zan
㳬	xuan
㳭	xian
㳵	ji
㳸	hua
㳹	wang
㳺	you
㳻	ze
㳼	bi
㴀	fan
㴁	yi
㴆	jin
㴉	ji
㴏	wang
㴐	mian
㴒	yi
㴔	yi
㴕	ji
㴗	you
㴛	zhi
㴜	bian
㴦	guan
㴯	zhi
㴲	si
㵂	shu
㵓	shi
㵗	ping
㵝	yi
㵧	ge
㵩	yi
㵪	xian
㵫	ni
㵭	zhu
㵲	wu
㵶	zuo
㵷	bian
㵿	xiao
㶆	zhu
㶍	xian
㶖	shu
㶗	fan
㶘	dian
㶚	ba
㶠	yi
㶦	jin
㶭	you
㶯	liu
㶳	jin
㶵	ren
㶾	biao
㷂	shu
㷄	hui
㷆	fu
㷇	hui
㷊	fen
㷐	hui
㷴	ge
㷻	wu
㷿	xian
㸃	dian
㸄	ji
㸋	fan
㸖	qu
㸜	kong
㸝	xian
㸟	zhi
㸡	shu
㸣	ye
㸨	jiu
㸩	an
㸭	ba
㸮	fen
㸲	zuo
㸷	shi
㸻	si
㸾	ren
㹄	ji
㹆	hui
㹍	di
㹏	jin
㹑	si
㹝	shi
㹡	xuan
㹥	zhu
㹨	you
㹫	yi
㹬	shi
㹭	yi
㹲	xiao
㹳	wu
㹶	ting
㹷	shi
㹸	ni
㹿	zhuo
㺇	si
㺌	xian
㺒	xiao
㺓	ze
㺕	fan
㺛	zhu
㺟	zhuo
㺠	you
㺤	xian
㺨	si
㺩	jiu
㺲	niu
㺴	ba
㺵	jiu
㺸	ping
㺹	bian
㺿	yi
㻂	ping
㻃	qu
㻅	hui
㻍	wu
㻑	ji
㻫	bi
㻰	mian
㻱	jin
㻶	bi
㻷	ji
㻹	xuan
㻿	shu
㼗	ting
㼝	fan
㼡	shu
㼢	yi
㼭	dian
㼯	dong
㼵	di
㽄	si
㽈	yi
㽉	xian
㽌	liu
㽕	you
㽞	liu
㽠	xia
㽢	an
㽬	fu
㽰	shu
㽹	fan
㽺	ji
㽻	zhi
㽾	wu
㾁	shu
㾇	mu
㾈	fu
㾊	ji
㾌	xuan
㾑	da
㾞	you
㾨	yi
㾯	hui
㾵	ji
㾻	zhu
㾾	xian
㿃	zhi
㿅	xian
㿌	xian
㿎	fen
㿒	dao
㿫	bi
㿬	ba
㿯	da
㿴	da
㿾	zhu
䀀	fan
䀁	you
䀂	an
䀆	jin
䀈	ji
䀎	mian
䀏	xuan
䀔	ren
䀙	qi
䀟	fan
䀣	bi
䀨	hua
䀲	mu
䀻	ping
䀿	di
䁂	xian
䁃	biao
䁆	ye
䁈	qi
䁉	qi
䁒	ji
䁔	xuan
䁗	kai
䁢	xuan
䁥	ni
䁦	qu
䁭	biao
䁵	bian
䁶	ji
䁹	bi
䁺	shi
䂂	qu
䂅	xian
䂇	niu
䂐	zhuo
䂑	ji
䂕	hui
䂖	shi
䂠	shi
䂡	di
䂢	dong
䂤	fu
䃅	di
䃇	mian
䃖	wu
䃜	yi
䃞	shu
䃠	xuan
䃡	jin
䃣	hui
䃮	da
䃱	xian
䃴	zhu
䃸	xian
䃻	ba
䃾	bi
䃿	fu
䄁	yi
䄂	liu
䄎	qi
䄢	qi
䄩	yi
䄫	qi
䄬	yi
䄮	fu
䄳	xian
䄶	bi
䄷	shi
䄺	zhi
䄿	yi
䅁	an
䅍	ting
䅎	you
䅏	hui
䅖	an
䅝	kong
䅢	jiu
䅤	qi
䅩	zhi
䅲	qi
䅵	zhuo
䅺	biao
䅿	hua
䆃	dao
䆈	zhi
䆉	ba
䆎	xian
䆒	jiu
䆜	you
䆭	xuan
䆮	jin
䆯	zhuo
䆶	jiu
䆽	qu
䆿	yi
䇁	si
䇃	si
䇈	hua
䇑	ba
䇛	zhi
䇠	zhu
䇡	zhu
䇥	ze
䇧	zhi
䇩	yi
䇫	ji
䇬	zhu
䇮	ren
䇵	yi
䇼	yi
䈀	san
䈂	ping
䈌	qu
䈎	ye
䈓	ge
䈕	shi
䈥	jin
䈽	jin
䉀	shu
䉅	zhi
䉈	san
䉊	fan
䉑	wu
䉒	fan
䉗	yi
䉜	zhi
䉝	yi
䉧	liu
䉨	yi
䉯	xian
䉰	xiao
䉳	xian
䉸	bian
䉻	qi
䉾	bi
䊆	jiu
䊉	san
䊑	xiang
䊓	shi
䊘	jiu
䊥	xiao
䊦	ye
䊧	bi
䊩	fan
䊭	dao
䊮	di
䊱	xian
䊾	mu
䋀	hua
䋄	wang
䋏	zuo
䋔	bi
䋕	ren
䋙	er
䋚	yi
䋞	wang
䋟	ji
䋣	fan
䋦	fan
䋧	qu
䋨	fu
䋩	er
䋮	jin
䋯	qi
䋴	niu
䋵	yi
䋹	fu
䋼	ting
䌃	xiao
䌇	hui
䌋	da
䌌	qi
䌍	jin
䌓	fan
䌗	fu
䌝	jin
䌤	shi
䌦	dao
䌳	shi
䌵	zhu
䌺	er
䌻	yi
䌾	ren
䌿	fu
䍃	you
䍄	dian
䍆	zhu
䍈	ping
䍕	di
䍖	fu
䍗	xuan
䍢	wu
䍤	ji
䍶	dong
䍻	xuan
䍼	zan
䎄	xiao
䎈	yi
䎔	fu
䎚	guan
䎟	er
䎠	er
䎢	qi
䎣	si
䎨	ye
䎬	ba
䎰	zuo
䎱	ba
䎵	bi
䎶	er
䎷	zhu
䎸	wu
䎺	zhi
䏃	mian
䏄	di
䏅	qi
䏉	shi
䏌	qi
䏑	di
䏓	guan
䏔	niu
䏕	ren
䏠	qi
䏡	shi
䏢	bi
䏤	si
䏨	hui
䏪	er
䏯	zhi
䏶	bi
䏹	xian
䏿	qi
䐀	ji
䐁	zhuo
䐄	xian
䐈	zhi
䐎	di
䐕	ji
䐗	zhu
䐙	ge
䐚	ji
䐛	da
䐟	xiang
䐡	qi
䐢	zhu
䐪	fan
䐭	zhi
䐶	zan
䑁	wu
䑇	zhi
䑕	shu
䑤	jin
䑧	fu
䑭	di
䑯	di
䑴	qi
䑵	mu
䑻	you
䒄	fu
䒇	fu
䒉	wu
䒓	kai
䒕	xiao
䒗	qi
䒜	niu
䒝	xiao
䒦	fan
䒧	qu
䒨	shi
䒪	bian
䒴	you
䒵	hao
䒺	jin
䒻	qi
䒼	qu
䒽	wang
䒾	yi
䓃	yi
䓅	qi
䓈	yi
䓉	ye
䓊	wu
䓋	zhi
䓌	zhi
䓏	fu
䓑	ping
䓚	qu
䓛	qu
䓜	zhi
䓡	zhi
䓦	dian
䓫	qi
䓬	zhuo
䓵	fu
䓹	yi
䓽	ji
䔅	ge
䔇	qi
䔗	xiang
䔘	zuo
䔟	yi
䔢	hua
䔬	yi
䔮	si
䔰	fu
䔱	yi
䔸	biao
䔾	qi
䕇	hui
䕉	ze
䕌	zhi
䕍	yi
䕎	fu
䕔	xian
䕗	bi
䕤	ji
䕥	ni
䕧	xiao
䕪	ze
䕰	fan
䕴	zhuo
䕽	zhu
䖁	yi
䖊	yi
䖌	yi
䖎	xia
䖖	xia
䖚	wu
䖦	qu
䖨	shi
䖩	bi
䖮	xiang
䖶	hui
䖻	you
䗁	ji
䗄	fu
䗆	guan
䗐	shi
䗑	yi
䗖	di
䗗	ji
䗘	ge
䗜	liu
䗟	yi
䗠	xuan
䗩	qi
䗯	jin
䗰	guan
䗴	ting
䗷	yi
䗾	xian
䘀	fu
䘁	ge
䘄	zhu
䘆	xian
䘌	ni
䘒	zui
䘚	zhu
䘝	yi
䘠	fu
䘡	bi
䘢	zhu
䘤	shu
䘥	xia
䘦	ni
䘭	zhi
䘳	jin
䘸	yi
䘹	zui
䘽	ni
䘾	guan
䙄	qi
䙛	guan
䙮	guan
䙳	biao
䙹	xian
䙾	shi
䚃	you
䚉	qi
䚍	qi
䚐	ji
䚙	xuan
䚚	xian
䚜	bi
䚦	zhi
䚧	liu
䚪	guan
䚭	xuan
䚳	zhi
䚷	yi
䚽	hao
䚾	ren
䛀	fan
䛅	xia
䛈	shi
䛉	mian
䛋	ji
䛏	ni
䛒	bian
䛗	zhi
䛘	ren
䛛	hui
䛡	hua
䛣	ping
䛩	wu
䛮	jiu
䛴	ji
䛵	shou
䛻	you
䛼	hui
䛿	ge
䜋	hui
䜐	hui
䜑	wu
䜙	an
䜞	ji
䜢	xian
䜶	xiang
䜹	shu
䝀	liu
䝂	shu
䝅	hui
䝒	zhu
䝘	yi
䝚	ni
䝝	yi
䝞	hao
䝣	qu
䝥	hao
䝨	xian
䝪	shu
䝫	zuo
䝬	zhu
䝮	xuan
䝯	yi
䝰	zhi
䝲	jin
䝷	zhi
䝸	ji
䝺	guan
䝾	fu
䞃	zhi
䞄	biao
䞅	yi
䞒	dong
䞖	shu
䞘	ji
䞚	qi
䞜	fu
䞞	fu
䞠	zhi
䞢	zuo
䞤	qu
䞥	you
䞯	fu
䞰	zuo
䞸	fu
䟁	xiao
䟄	qi
䟆	bi
䟇	ji
䟈	zhi
䟉	zhu
䟊	qu
䟌	ji
䟍	bian
䟔	fu
䟗	shi
䟚	qi
䟡	zhi
䟤	bi
䟦	ba
䟮	fu
䟶	zuo
䟼	wu
䟾	zhuo
䠋	bi
䠍	xia
䠏	ji
䠐	qu
䠣	xuan
䠱	zhu
䠵	fu
䠼	shu
䡂	jiu
䡊	fan
䡋	qi
䡍	fu
䡔	qi
䡢	bian
䡤	zhu
䡧	wu
䡳	si
䡷	kai
䡹	zhi
䢀	qi
䢃	yi
䢊	you
䢋	ji
䢑	di
䢗	qu
䢞	shu
䢟	you
䢡	ye
䢤	shu
䢳	ji
䢽	xiang
䢾	xian
䢿	an
䣌	di
䣛	qi
䣡	yi
䣢	ji
䣥	bi
䣧	yi
䣲	fan
䣵	er
䣷	zhu
䣽	zhi
䤄	mian
䤐	jin
䤑	wang
䤒	ji
䤠	zhi
䤤	kai
䤧	hui
䤭	shi
䤱	shi
䤳	ye
䤶	ye
䤺	jin
䤼	xian
䤽	guan
䥆	jin
䥈	mu
䥍	zhi
䥓	qi
䥟	ye
䥡	ye
䥪	xian
䥮	zhu
䥳	you
䥵	xiao
䥺	ye
䦃	zhuo
䦇	ji
䦍	wu
䦎	guan
䦐	ting
䦘	xian
䦙	si
䦜	wu
䦣	fu
䦥	xian
䦯	zhi
䦳	xiang
䦴	yi
䦵	ni
䦹	shi
䧂	dao
䧄	ge
䧅	yi
䧇	yi
䧋	xian
䧎	xuan
䧑	di
䧗	bi
䧚	hao
䧟	xian
䧢	qu
䧥	hui
䧧	yi
䧨	ye
䧫	hao
䧮	xian
䧴	zhi
䧵	qi
䨀	di
䨁	wu
䨆	bi
䨖	ji
䨗	fu
䨘	xian
䨣	ge
䨤	di
䨭	xiao
䨱	fu
䨷	xian
䨹	shu
䩂	xian
䩃	shi
䩄	mian
䩈	hui
䩉	fu
䩓	qi
䩗	ba
䩘	di
䩙	xuan
䩚	di
䩛	bi
䩟	yi
䩢	zhi
䩪	guan
䩯	ji
䩰	xuan
䩱	shu
䩻	ba
䩿	fen
䪀	guan
䪂	ge
䪐	bi
䪒	zhu
䪗	xia
䪚	da
䪛	fan
䪤	fan
䪰	yi
䪺	ge
䪻	bian
䪼	zhuo
䪽	hao
䫁	bi
䫅	san
䫍	fu
䫎	zhuo
䫏	qi
䫑	yi
䫓	wu
䫔	qi
䫗	xia
䫝	fu
䫢	si
䫦	ge
䫩	san
䫭	hui
䫴	jin
䫵	mian
䫶	fan
䫾	bi
䬀	you
䬁	yi
䬓	an
䬕	xiang
䬘	xiao
䬛	bi
䬟	liu
䬡	zhu
䬤	zan
䬥	yi
䬨	jiu
䬮	yi
䬹	zhi
䭁	zhi
䭂	yi
䭃	ren
䭄	shi
䭇	ye
䭎	ye
䭕	zan
䭖	zhu
䭙	jin
䭞	yi
䭟	ye
䭫	qi
䭬	qi
䭭	shou
䭮	fu
䭲	yi
䭵	fan
䭶	qi
䭸	fu
䭻	fen
䭼	qi
䭿	yi
䮂	ba
䮄	xuan
䮊	yi
䮏	wu
䮓	zhuo
䮔	zui
䮕	zhuo
䮗	an
䮘	er
䮛	fu
䮠	bi
䮡	bi
䮱	zhu
䮳	fan
䮺	ji
䮽	biao
䯆	yi
䯔	ze
䯕	ting
䯗	bi
䯥	an
䯫	hao
䯭	xian
䯹	xian
䯼	di
䰇	qi
䰏	ji
䰓	mian
䰗	jiu
䰘	liu
䰙	yi
䰞	zhu
䰣	wang
䰤	dong
䰯	yi
䰴	qi
䰹	ze
䰾	ba
䱂	you
䱃	zhi
䱈	qi
䱌	yi
䱐	fu
䱒	ye
䱓	ting
䱖	liu
䱙	shu
䱞	liu
䱤	xian
䱥	zhi
䱯	mu
䱻	hua
䲀	zhi
䲂	xuan
䲉	si
䲑	yi
䲗	xian
䲘	guan
䲜	ye
䲬	qi
䲯	ji
䲻	xuan
䲽	shi
䳅	zhi
䳇	wu
䳉	dong
䳊	ba
䳎	jiu
䳑	you
䳕	fu
䳢	qi
䳦	xuan
䳭	ji
䳱	wu
䴂	xiang
䴅	fen
䴊	yi
䴓	shi
䴛	xiao
䴞	di
䴬	yi
䴰	shu
䴳	hua
䴸	fu
䵂	zhi
䵄	bi
䵇	xian
䵌	xian
䵑	ni
䵒	ni
䵔	dong
䵝	yi
䵠	di
䵣	da
䵰	shang
䵶	qu
䵹	zhi
䵺	ting
䵻	hui
䵼	shang
䵾	fu
䶂	zhuo
䶄	ping
䶉	liu
䶍	di
䶒	qi
䶓	ji
䶕	ba
䶖	jin
䶚	qu
䶞	qi
䶟	xian
䶡	shi
䶤	hua
䶦	ze
䶩	ji
䶹	zuo
一	yi
七	qi
丄	shang
丅	xia
三	san
上	shang
下	xia
丌	ji
丏	mian
世	shi
丗	shi
业	ye
东	dong
丝	si
丣	you
丩	jiu
个	ge
丮	ji
丱	guan
丵	zhuo
丶	zhu
丷	ba
主	zhu
乀	fu
乁	yi
乂	yi
乄	wu
久	jiu
乆	jiu
义	yi
乊	yi
之	zhi
乌	wu
乒	ping
乙	yi
九	jiu
乞	qi
也	ye
乡	xiang
乣	jiu
乤	xia
书	shu
乨	shi
乩	ji
乭	shi
乶	fu
乿	zhi
亄	yi
亊	shi
事	shi
二	er
亓	qi
五	wu
亖	si
亝	qi
亟	ji
亡	wang
亣	da
亦	yi
亩	mu
亪	ye
享	xiang
亭	ting
亯	xiang
亱	ye
亴	you
人	ren
亻	ren
亼	ji
亽	ji
亾	wang
亿	yi
仁	ren
仄	ze
仅	jin
仈	ba
今	jin
仐	san
仕	shi
付	fu
仙	xian
仚	xian
仞	ren
仡	ge
以	yi
仪	yi
仫	mu
仭	ren
仮	fan
仵	wu
任	ren
仼	wang
份	fen
仾	di
企	qi
伆	wu
伇	yi
伊	yi
伋	ji
伍	wu
伎	ji
伏	fu
伒	jin
伕	fu
优	you
会	hui
伞	san
伤	shang
伫	zhu
伬	ze
伭	xian
伱	ni
伲	ni
伹	qu
似	shi
伿	yi
佀	si
佁	yi
佃	dian
佇	zhu
佉	qu
佊	bi
低	di
住	zhu
佐	zuo
佑	you
佖	bi
佚	yi
佛	fu
作	zuo
你	ni
佡	xian
佢	qu
佦	shi
佪	hui
佭	xiang
佮	ge
佴	er
佶	ji
佾	yi
使	shi
侄	zhi
侇	yi
侍	shi
侏	zhu
侑	you
侒	an
侕	er
侗	dong
依	yi
侠	xia
価	si
侭	jin
侮	wu
侳	zuo
侸	shu
侹	ting
侾	xiao
便	bian
俉	wu
俋	yi
俌	fu
俕	san
俘	fu
俛	fu
俜	ping
俟	qi
俠	xia
俤	di
俧	zhi
俬	si
俯	fu
俲	xiao
俵	biao
俺	an
俾	bi
倁	zhi
倃	jiu
個	ge
倌	guan
倏	shu
倐	shu
倒	dao
倚	yi
倛	qi
値	zhi
倥	kong
倪	ni
倬	zhuo
倲	dong
倵	wu
倻	ye
值	zhi
偈	ji
偙	di
做	zuo
停	ting
偤	you
偩	fu
偪	bi
偫	zhi
偭	mian
偮	ji
偯	yi
偾	fen
傂	zhi
傄	xia
傅	fu
傎	dian
傐	hao
傘	san
傚	xiao
傷	shang
僀	di
僅	jin
僊	xian
働	dong
像	xiang
僛	qi
僟	ji
僡	hui
僦	jiu
僨	fen
僩	xian
僲	xian
僴	xian
僷	ye
僸	jin
儀	yi
億	yi
儇	xuan
儑	an
儗	ni
儘	jin
儛	wu
儞	ni
儦	biao
儧	zan
儨	zhi
儩	si
優	you
儫	hao
儵	shu
儶	hui
儹	zan
儿	er
兀	wu
兂	zan
先	xian
免	mian
児	er
兒	er
兓	jin
兕	si
兘	shi
兝	fen
兦	wang
八	ba
六	liu
关	guan
其	qi
典	dian
兺	fen
兽	shou
兾	ji
兿	yi
冀	ji
冕	mian
冝	yi
冟	shi
冠	guan
冨	fu
冬	dong
冶	ye
冹	fu
冻	dong
冼	xian
凄	qi
凍	dong
凘	si
凚	jin
几	ji
凡	fan
凢	fan
凣	fan
凩	mu
凪	zhi
凫	fu
凭	ping
凯	kai
凱	kai
凴	ping
击	ji
刀	dao
刂	dao
刃	ren
刄	ren
分	fen
刈	yi
刉	ji
刏	ji
划	hua
刘	liu
则	ze
刜	fu
刞	qu
到	dao
刵	er
制	zhi
剀	kai
剂	ji
則	ze
剘	qi
剞	ji
剤	ji
剭	wu
副	fu
割	ge
剳	da
剴	kai
劃	hua
劅	zhuo
劉	liu
劑	ji
劓	yi
劕	zhi
劚	zhu
务	wu
劤	jin
劧	zhi
动	dong
助	zhu
劬	qu
劮	yi
劯	zhu
劲	jin
効	xiao
势	shi
勁	jin
勉	mian
勓	kai
勔	mian
動	dong
務	wu
勚	yi
募	mu
勢	shi
勣	ji
勨	xiang
勩	yi
勫	fan
勼	jiu
勿	wu
匇	yi
匌	ge
匐	fu
匒	da
匓	jiu
匕	bi
化	hua
匙	shi
匛	jiu
匜	yi
匣	xia
匤	qu
匥	fan
匯	hui
匶	jiu
区	qu
医	yi
匾	bian
匿	ni
區	qu
十	shi
午	wu
卉	hui
卋	shi
华	hua
卓	zhuo
卙	ji
卞	bian
卣	you
卮	zhi
即	ji
卺	jin
卼	wu
卽	ji
厁	san
厅	ting
厎	di
厔	zhi
厛	ting
厜	zui
厢	xiang
厧	dian
厩	jiu
厪	jin
厮	si
厶	si
厺	qu
去	qu
厼	er
县	xian
叁	san
又	you
及	ji
友	you
反	fan
収	shou
叐	ba
叓	shi
叔	shu
叕	zhuo
取	qu
受	shou
变	bian
叝	ji
叨	dao
只	zhi
叭	ba
史	shi
右	you
叶	ye
号	hao
司	si
叽	ji
各	ge
吅	xuan
吉	ji
向	xiang
吓	xia
吔	ye
吚	yi
吡	bi
吧	ba
吩	fen
听	ting
启	qi
吱	zhi
吳	wu
吴	wu
吾	wu
呄	ge
呇	qi
呉	wu
呋	fu
呒	wu
呓	yi
呜	wu
呞	shi
呦	you
呧	di
呩	shi
呭	yi
呮	qi
呯	ping
呹	yi
呺	xiao
呾	da
呿	qu
咈	fu
咎	jiu
咐	fu
咑	da
咗	zuo
咚	dong
咝	si
咞	xian
咠	qi
咡	er
咦	yi
咫	zhi
咭	ji
咯	ge
咰	shu
咱	zan
咲	xiao
咴	hui
咸	xian
咺	xuan
咿	yi
哊	you
响	xiang
哒	da
哓	xiao
哔	bi
哕	hui
哗	hua
哛	fen
哜	ji
哠	hao
哥	ge
哮	xiao
哯	xian
哵	ba
哹	fu
哿	ge
唀	you
唈	yi
唌	xian
唑	zuo
唔	wu
唘	qi
唙	di
唟	qu
唧	ji
唫	jin
唭	qi
售	shou
唲	er
唵	an
唶	ze
啄	zhuo
啅	zhuo
商	shang
啇	di
啌	xiang
啎	wu
啓	qi
啔	qi
啘	ye
啚	bi
啟	qi
啣	xian
啧	ze
啲	di
啸	xiao
啽	an
啾	jiu
喕	mian
喙	hui
喞	ji
喧	xuan
嗒	da
嗘	ji
嗚	wu
嗜	shi
嗝	ge
嗣	si
嗥	hao
嗭	zhi
嗰	ge
嗶	bi
嗺	zui
嘀	di
嘁	qi
嘅	kai
嘋	xiao
嘐	xiao
嘒	hui
嘕	xian
嘖	ze
嘢	ye
嘨	xiao
嘩	hua
嘯	xiao
嘰	ji
嘱	zhu
嘴	zui
嘵	xiao
嘶	si
嘷	hao
嘸	fu
噃	fan
噅	hui
噆	zan
噎	ye
噐	qi
噑	hao
噕	hui
噝	si
噠	da
噤	jin
器	qi
噫	yi
噬	shi
噵	dao
噿	zui
嚁	di
嚆	hao
嚇	xia
嚈	ye
嚌	ji
嚍	jin
嚎	hao
嚖	hui
嚘	you
嚠	liu
嚣	xiao
嚮	xiang
嚸	dian
嚻	xiao
囂	xiao
囈	yi
囑	zhu
囘	hui
四	si
回	hui
囬	hui
囿	you
圚	hui
圛	yi
圢	ting
圪	ge
圬	wu
圯	yi
地	di
圴	zhuo
圷	xia
圻	qi
圾	ji
址	zhi
坁	zhi
坄	yi
坐	zuo
坒	bi
坔	di
坖	ji
坘	di
坝	ba
坞	wu
坟	fen
坥	qu
坧	zhi
坪	ping
坫	dian
坭	ni
坶	mu
坺	ba
坾	zhu
坿	fu
垁	zhi
垌	dong
垍	ji
垘	fu
垧	shang
垨	shou
垫	dian
垯	da
垲	kai
垵	an
垷	xian
垺	fu
垻	ba
垼	yi
埊	di
埐	jin
埖	hua
埘	shi
埜	ye
埞	di
埪	kong
埬	dong
埯	an
埴	zhi
埶	yi
執	zhi
埸	yi
基	ji
埼	qi
埿	ni
堄	ni
堇	jin
堓	an
堛	bi
堤	di
堨	ye
堻	jin
塀	ping
塂	xiang
塇	xuan
塈	ji
塉	ji
塏	kai
塒	shi
塢	wu
塥	ge
塯	liu
塾	shu
墂	biao
墅	shu
墆	zhi
墊	dian
墌	zhi
墐	jin
墑	di
墒	shang
墓	mu
墢	ba
墥	dong
墦	fan
墬	di
墲	mu
墳	fen
墶	da
墷	ye
墸	zhu
墼	ji
墿	yi
壁	bi
壂	dian
壄	ye
壏	xian
壔	dao
壕	hao
壗	jin
壩	ba
士	shi
壬	ren
壭	san
壱	yi
壴	zhu
壹	yi
壽	shou
夀	shou
夁	yi
夂	zhi
変	bian
复	fu
夏	xia
夓	xia
夜	ye
夡	qi
大	da
夨	ze
夫	fu
失	shi
夶	bi
夷	yi
夻	hua
夿	ba
奃	di
奇	qi
奋	fen
奌	dian
契	qi
奒	kai
奕	yi
奠	dian
奦	wu
奭	shi
奮	fen
奰	bi
奺	jiu
好	hao
奾	xian
奿	fan
妀	ji
妄	wang
妇	fu
妊	ren
妋	fu
妓	ji
妗	jin
妞	niu
妢	fen
妣	bi
妩	wu
妭	ba
妮	ni
妰	zhuo
妲	da
妳	ni
妶	xian
妷	zhi
妻	qi
妼	bi
姆	mu
姇	fu
始	shi
姒	si
姙	ren
姛	dong
姝	shu
姞	ji
姠	xiang
姡	hua
姨	yi
姪	zhi
姫	ji
姬	ji
姭	xian
姷	you
姼	shi
娉	ping
娊	xian
娐	fu
娗	ting
娡	zhi
娣	di
娨	xian
娩	mian
娪	wu
娬	wu
娰	si
娴	xian
娶	qu
娸	qi
娹	xian
娺	zhuo
娻	dong
婂	mian
婊	biao
婋	xiao
婌	shu
婍	qi
婎	hui
婏	fan
婗	ni
婝	dian
婢	bi
婦	fu
婩	an
婰	dian
婱	xian
婲	hua
婳	hua
婷	ting
婺	wu
媂	di
媈	hui
媍	fu
媐	yi
媔	mian
媕	an
媗	xuan
媞	shi
媤	si
媹	liu
嫉	ji
嫌	xian
嫕	yi
嫙	xuan
嫛	yi
嫟	ni
嫡	di
嫤	jin
嫧	ze
嫵	wu
嫺	xian
嫻	xian
嫿	hua
嬂	zhi
嬄	yi
嬅	hua
嬎	fan
嬏	fan
嬐	xian
嬑	yi
嬒	hui
嬔	fu
嬕	shi
嬖	bi
嬞	dong
嬟	yi
嬧	jin
嬵	mian
嬶	bi
嬺	ni
嬼	liu
孈	hui
孎	zhu
孔	kong
孚	fu
孝	xiao
孠	si
季	ji
孧	you
孰	shu
孴	ni
孵	fu
宀	mian
守	shou
安	an
宐	yi
宔	zhu
官	guan
宜	yi
实	shi
実	shi
宣	xuan
室	shi
宥	you
宧	yi
宩	shi
宪	xian
宯	xiao
宵	xiao
寁	zan
寂	ji
寄	ji
富	fu
寔	shi
寖	jin
寘	zhi
寤	wu
實	shi
寭	hui
寱	yi
寲	yi
寺	si
导	dao
寿	shou
尃	fu
尌	shu
導	dao
小	xiao
尒	er
尓	er
尔	er
尗	shu
尙	shang
尚	shang
尟	xian
尠	xian
尢	you
尣	wang
尤	you
尩	wang
尪	wang
尫	wang
就	jiu
尸	shi
尼	ni
尽	jin
屄	bi
屈	qu
屋	wu
屍	shi
屎	shi
屏	ping
屐	ji
屔	ni
屛	ping
属	shu
屬	shu
屰	ni
屳	xian
屶	hui
屷	hui
屹	yi
屺	qi
屻	ren
屼	wu
岂	qi
岃	ren
岉	wu
岌	ji
岎	fen
岐	qi
岓	qi
岖	qu
岘	xian
岛	dao
岜	ba
岝	zuo
岞	zuo
岨	qu
岪	fu
岴	qu
岸	an
岼	ping
岽	dong
峄	yi
峅	bian
峇	ba
峊	fu
峏	er
峒	dong
峓	yi
峔	mu
峕	shi
峖	an
峙	zhi
峜	ji
峟	you
峡	xia
峳	you
峴	xian
島	dao
峽	xia
崄	xian
崆	kong
崋	hua
崎	qi
崠	dong
崤	xiao
崬	dong
崱	ze
崺	yi
崻	zhi
崼	shi
嵀	zhu
嵆	ji
嵇	ji
嵉	ting
嵍	wu
嵜	qi
嵦	kai
嵧	liu
嵨	wu
嵮	dian
嵴	ji
嵵	shi
嶇	qu
嶊	zui
嶋	dao
嶌	dao
嶑	xiang
嶜	jin
嶧	yi
嶪	ye
嶫	ye
嶬	yi
嶮	xian
嶯	ji
嶳	di
嶵	zui
嶷	yi
嶹	dao
巅	dian
巓	dian
巔	dian
左	zuo
巫	wu
己	ji
已	yi
巳	si
巴	ba
巵	zhi
巷	xiang
巸	yi
巹	jin
巼	ba
巾	jin
巿	fu
币	bi
市	shi
帆	fan
师	shi
帉	fen
帋	zhi
帙	zhi
帜	zhi
帝	di
帟	yi
帠	yi
帡	ping
師	shi
帲	ping
帴	san
帺	qi
帻	ze
幅	fu
幆	yi
幈	ping
幑	hui
幕	mu
幖	biao
幘	ze
幙	mu
幞	fu
幟	zhi
幡	fan
幣	bi
幤	bi
幩	fen
幰	xian
平	ping
幼	you
幽	you
幾	ji
庁	ting
庂	ze
庇	bi
庑	wu
底	di
店	dian
府	fu
庠	xiang
庡	yi
庢	zhi
庤	zhi
座	zuo
庨	xiao
庭	ting
庮	you
庳	bi
庴	ji
庵	an
庶	shu
庻	shu
廂	xiang
廄	jiu
廇	liu
廌	zhi
廏	jiu
廐	jiu
廑	jin
廙	yi
廝	si
廡	wu
廦	bi
廭	ji
廯	xian
廰	ting
廳	ting
廷	ting
廸	di
廻	hui
廽	hui
开	kai
弁	bian
异	yi
弃	qi
弅	fen
弈	yi
弊	bi
弋	yi
弌	yi
弍	er
弎	san
式	shi
弐	er
弑	shi
弒	shi
弗	fu
弙	wu
弝	ba
弟	di
弣	fu
弤	di
弦	xian
弬	yi
弲	xuan
弻	bi
弼	bi
彁	ge
彃	bi
彇	xiao
彐	ji
彑	ji
彗	hui
彘	zhi
彙	hui
彚	hui
彛	yi
彜	yi
彝	yi
彞	yi
彪	biao
彴	zhuo
彶	ji
役	yi
彺	wang
彼	bi
彽	di
彿	fu
往	wang
徃	wang
徍	wang
徏	zhi
徔	zhi
徚	dong
徛	ji
徝	zhi
徥	shi
徧	bian
復	fu
徻	hui
徽	hui
忀	xiang
忂	qu
必	bi
忆	yi
忈	ren
忉	dao
忌	ji
忍	ren
忎	ren
忔	qi
忕	shi
志	zhi
忘	wang
忛	fan
忢	wu
忣	ji
忤	wu
忧	you
忭	bian
忮	zhi
忯	qi
忸	niu
忺	xian
忾	kai
忿	fen
怃	wu
怈	yi
怍	zuo
怛	da
思	si
怟	di
怡	yi
怣	you
怤	fu
急	ji
怩	ni
怫	fu
怭	bi
怮	you
怰	xuan
怶	bi
怷	shu
怾	zhi
怿	yi
恀	shi
恃	shi
恉	zhi
恏	hao
恐	kong
恕	shu
恖	si
恚	hui
恛	hui
恞	yi
恢	hui
恦	shang
恫	dong
恵	hui
恷	xiao
恺	kai
悎	hao
悒	yi
悔	hui
悘	yi
悞	wu
悟	wu
悠	you
悥	yi
悬	xuan
悮	wu
悸	ji
悹	guan
悺	guan
悼	dao
悽	qi
悾	kong
惄	ni
惍	jin
惎	ji
惘	wang
惠	hui
惦	dian
惯	guan
想	xiang
惼	bian
愃	xuan
愅	ge
愊	bi
愋	xuan
愎	bi
意	yi
愐	mian
愒	kai
愤	fen
愭	qi
愱	ji
愵	ni
愷	kai
愾	kai
慔	mu
慕	mu
慣	guan
慦	jiu
慧	hui
慨	kai
慯	shang
慸	di
慹	zhi
慼	qi
慽	qi
慿	ping
憂	you
憄	zhi
憇	qi
憈	qu
憑	ping
憓	hui
憢	xiao
憣	fan
憤	fen
憩	qi
憪	xian
憮	wu
憲	xian
憶	yi
憸	xian
懁	xuan
懂	dong
懌	yi
懗	xia
懠	qi
懥	zhi
懫	zhi
懮	you
懯	fu
懰	liu
懳	hui
懸	xuan
懻	ji
懿	yi
戈	ge
戊	wu
戍	shu
戓	ge
戙	dong
戚	qi
戟	ji
戠	zhi
戢	ji
戨	ge
戵	qu
戺	shi
扁	bian
扂	dian
扄	shang
扅	yi
扆	yi
手	shou
扌	shou
扒	ba
打	da
払	fan
扤	wu
执	zhi
扨	ren
扭	niu
扶	fu
扺	zhi
扻	zhi
技	ji
抃	bian
把	ba
抑	yi
抒	shu
抚	fu
抜	ba
択	ze
抧	zhi
抳	ni
抴	ye
抵	di
抾	qu
拂	fu
拄	zhu
拇	mu
拊	fu
拔	ba
拙	zhuo
拞	di
拟	ni
择	ze
拭	shi
拸	yi
拻	hui
拾	shi
挃	zhi
指	zhi
按	an
挌	ge
挏	dong
挚	zhi
挤	ji
挥	hui
挦	xian
挹	yi
挺	ting
捂	wu
捄	jiu
捉	zhuo
捌	ba
捑	ze
捒	shu
捓	ye
捙	ye
捣	dao
捬	fu
捯	dao
捽	zuo
捿	qi
掀	xian
掂	dian
授	shou
掋	di
掎	ji
掑	qi
掓	shu
掖	ye
掜	yi
控	kong
掷	zhi
掼	guan
揂	jiu
揎	xuan
揓	shi
揖	yi
揙	bian
揝	zan
揞	an
揤	ji
揩	kai
揪	jiu
揫	jiu
揮	hui
揱	xiao
揶	ye
搁	ge
搗	dao
搘	zhi
搟	xian
搢	jin
搭	da
搱	zhi
搳	hua
搿	ge
摀	wu
摅	shu
摎	jiu
摕	di
摖	qi
摜	guan
摦	hua
摭	zhi
摯	zhi
摽	biao
撃	ji
撊	xian
撍	zan
撎	yi
撏	xian
撕	si
撘	da
撝	hui
撠	ji
撨	fu
撫	fu
撯	zhuo
撶	hua
擆	zhuo
擇	ze
擊	ji
擛	ye
擠	ji
擢	zhuo
擣	dao
擨	ye
擪	ye
擫	ye
擬	ni
擱	ge
擲	zhi
擳	zhi
攄	shu
攅	zan
攇	xian
攒	zan
攕	xian
攢	zan
攧	dian
支	zhi
攲	qi
收	shou
攸	you
攺	yi
敁	dian
敄	wu
效	xiao
敋	ge
敌	di
救	jiu
敝	bi
敟	dian
敡	yi
散	san
敧	ji
敩	xiao
敮	xia
数	shu
敵	di
敷	fu
數	shu
敺	qu
敼	yi
斀	zhuo
斁	yi
斃	bi
斅	xiao
斆	xiao
斉	qi
斊	qi
斤	jin
斧	fu
斪	qu
斫	zhuo
斯	si
斱	zhuo
斲	zhuo
斵	zhuo
斸	zhu
施	shi
斿	you
旂	qi
旈	liu
旉	fu
旋	xuan
旎	ni
旑	yi
旒	liu
旖	yi
旗	qi
旘	zhi
旙	fan
旛	fan
无	wu
旡	ji
既	ji
旣	ji
旧	jiu
旨	zhi
旳	di
时	shi
旹	shi
旺	wang
旿	wu
昃	ze
昊	hao
昍	xuan
昐	fen
易	yi
昗	ze
昝	zan
昡	xuan
昦	hao
昨	zuo
昪	bian
是	shi
昰	shi
昵	ni
昸	dong
显	xian
時	shi
晅	xuan
晉	jin
晊	zhi
晋	jin
晌	shang
晑	xiang
晓	xiao
晔	ye
晖	hui
晛	xian
晤	wu
晦	hui
晧	hao
晫	zhuo
晬	zui
晲	ni
晵	qi
晹	yi
智	zhi
晻	an
暀	wang
暁	xiao
暂	zan
暄	xuan
暆	yi
暇	xia
暉	hui
暍	ye
暏	shu
暑	shu
暗	an
暟	kai
暣	qi
暤	hao
暨	ji
暩	ji
暫	zan
暭	hao
暮	mu
暱	ni
暳	hui
暶	xuan
暹	xian
曀	yi
曁	ji
曄	ye
曅	ye
曉	xiao
曍	hao
曎	yi
曏	xiang
曗	ye
曙	shu
曯	zhu
曲	qu
曳	ye
曵	ye
書	shu
最	zui
會	hui
朆	fen
有	you
朌	fen
服	fu
朐	qu
朘	zui
望	wang
朞	ji
期	qi
朢	wang
木	mu
朮	shu
术	shu
朰	mu
朱	zhu
朲	ren
朳	ba
朷	dao
机	ji
朻	jiu
朼	bi
杇	wu
杋	fan
杌	wu
杒	ren
杓	biao
杕	di
杙	yi
杞	qi
束	shu
杣	mian
杦	jiu
杫	si
東	dong
杴	xian
杸	shu
杹	hua
杼	zhu
极	ji
枃	jin
枅	ji
枈	bi
枉	wang
枌	fen
枍	yi
枎	fu
枝	zhi
枠	hua
枢	shu
枤	di
枭	xiao
枮	xian
枰	ping
枳	zhi
枵	xiao
枻	yi
枼	ye
枽	ye
枾	shi
柀	bi
柂	yi
柅	ni
柉	fan
柎	fu
柒	qi
柙	xia
柚	you
柢	di
柣	zhi
柩	jiu
柫	fu
柭	ba
柱	zhu
柲	bi
柳	liu
柶	si
柹	shi
柾	jiu
柿	shi
栀	zhi
栁	liu
标	biao
栉	zhi
栋	dong
树	shu
栔	qi
栖	qi
栘	yi
栙	xiang
栠	ren
校	xiao
栣	ren
栧	yi
株	zhu
栬	zui
栭	er
栮	er
栯	you
栺	yi
栻	shi
格	ge
栿	fu
案	an
桉	an
桋	yi
桌	zhuo
桎	zhi
桕	jiu
桚	zan
桞	liu
桤	qi
桦	hua
桯	ting
桴	fu
桺	liu
桼	qi
梃	ting
梄	you
梊	di
梋	xuan
梐	bi
梑	di
梔	zhi
梕	ren
梞	ji
梟	xiao
梤	fen
梧	wu
梲	zhuo
梳	shu
梵	fan
梺	xia
梽	zhi
棁	zhuo
棄	qi
棉	mian
棊	qi
棋	qi
棘	ji
棟	dong
棢	wang
棣	di
棥	fan
棨	qi
棭	yi
棯	ren
棲	qi
棳	zhuo
棴	fu
棺	guan
棻	fen
棼	fen
棿	ni
椃	hao
椅	yi
椊	zuo
植	zhi
椓	zhuo
椛	hua
椡	dao
椣	dian
椥	zhi
椨	fu
椬	yi
椰	ye
椱	fu
椸	yi
楅	bi
楎	hui
楒	si
楖	zhi
楘	mu
楟	ting
楢	you
楥	xuan
楦	xuan
楪	ye
楫	ji
業	ye
極	ji
楷	kai
楿	xiang
榁	shi
榌	bi
榏	yi
榑	fu
榯	shi
榰	zhi
榳	ting
榴	liu
榹	si
榿	qi
槅	ge
槇	dian
槉	ji
槕	zhuo
槙	dian
槜	zui
槝	dao
槠	zhu
槣	ji
槥	hui
槬	hua
槭	qi
槱	you
槸	yi
槿	jin
樀	di
樊	fan
樌	guan
樍	ze
標	biao
樛	jiu
樞	shu
樦	zhu
樭	ji
樲	er
樴	zhi
樶	zui
樹	shu
樺	hua
橂	dian
橆	wu
橊	liu
橌	xian
橎	fan
橝	dian
橞	hui
機	ji
橡	xiang
橥	zhu
橨	fen
橮	liu
橵	san
橶	ji
橾	shu
檅	hui
檇	zui
檈	xuan
檌	zui
檍	yi
檓	hui
檕	ji
檘	ping
檝	ji
檤	dao
檥	yi
檦	biao
檰	mian
檱	qi
檵	ji
檷	ni
檹	yi
櫀	qi
櫅	ji
櫊	ge
櫋	mian
櫌	you
櫍	zhi
櫘	hui
櫛	zhi
櫡	zhuo
櫧	zhu
櫫	zhu
櫶	xian
櫹	xiao
櫾	you
欀	xiang
欋	qu
欍	jiu
欘	zhu
欛	ba
欥	yi
欫	qi
欬	kai
欭	yi
欹	yi
欺	qi
歊	xiao
歋	ye
歌	ge
歍	wu
歏	jin
歗	xiao
歝	yi
止	zhi
武	wu
歧	qi
歵	ze
死	si
殇	shang
殊	shu
殔	yi
殖	zhi
殗	ye
殛	ji
殣	jin
殤	shang
殧	jiu
殨	hui
殪	yi
殳	shu
殶	zhu
殹	yi
殽	xiao
殿	dian
毀	hui
毁	hui
毄	ji
毅	yi
毇	hui
毉	yi
毊	xiao
毋	wu
毌	guan
母	mu
比	bi
毕	bi
毖	bi
毙	bi
毜	hao
毣	mu
毦	er
毨	xian
毪	mu
毫	hao
毴	bi
毵	san
毶	san
毹	shu
毺	shu
毿	san
氁	mu
氍	qu
氏	shi
氐	di
气	qi
気	qi
氘	dao
氙	xian
氛	fen
氟	fu
氡	dong
氣	qi
氨	an
氭	dong
氼	ni
氾	fan
汀	ting
汁	zhi
汄	ze
汅	mian
汇	hui
汋	zhuo
汎	fan
汏	da
汔	qi
汙	wu
汚	wu
汜	si
污	wu
汣	jiu
汥	zhi
汦	zhi
汪	wang
汲	ji
汳	bian
汴	bian
汼	niu
汽	qi
汾	fen
沂	yi
沋	you
沏	qi
沐	mu
沓	da
沔	mian
沘	bi
沚	zhi
沠	liu
沢	ze
沭	shu
沶	yi
油	you
治	zhi
泀	si
泆	yi
泋	hui
泎	ze
泏	zhu
泑	you
泗	si
泙	ping
泛	fan
泜	zhi
泣	qi
泤	si
泥	ni
注	zhu
泫	xuan
泭	fu
泲	ji
泴	guan
泽	ze
洂	ye
洃	hui
洄	hui
洍	si
洎	ji
洏	er
洑	fu
洔	zhi
洖	wu
洙	zhu
洝	an
洞	dong
洢	yi
津	jin
洨	xiao
洱	er
洴	ping
洷	zhi
洿	wu
浀	qu
流	liu
浂	yi
浉	shi
浊	zhuo
浍	hui
济	ji
浏	liu
浕	jin
浞	zhuo
浟	you
浥	yi
浩	hao
浮	fu
浯	wu
浳	yi
浸	jin
涀	xian
涄	ping
消	xiao
涍	xiao
涎	xian
涏	ting
涘	si
涤	di
涪	fu
涫	guan
涭	shou
液	ye
涳	kong
涷	dong
涿	zhuo
淀	dian
淆	xiao
淇	qi
淏	hao
淑	shu
淒	qi
淔	zhi
淜	ping
淣	ni
淭	qu
淲	biao
淽	zhi
済	ji
渏	yi
渑	mian
渚	zhu
渟	ting
渠	qu
渢	fan
渧	di
渲	xuan
游	you
湆	qi
湇	qi
湎	mian
湏	hui
湒	ji
湘	xiang
湙	yi
湜	shi
湢	bi
湤	shi
湩	dong
湵	you
湺	xian
湿	shi
溍	jin
溜	liu
溡	shi
溢	yi
溩	wu
溭	ze
溮	shi
溺	ni
溼	shi
滆	ge
滇	dian
滈	hao
滌	di
滍	zhi
滏	fu
滑	hua
滒	ge
滗	bi
滙	hui
滞	zhi
滭	bi
滮	biao
滯	zhi
滳	shang
滴	di
滺	you
滼	fan
漃	ji
漆	qi
漈	ji
漌	jin
漐	zhi
漜	ye
漡	shang
漩	xuan
漪	yi
漱	shu
潄	shu
潅	guan
潇	xiao
潌	zhi
潓	hui
潕	wu
潗	ji
潩	yi
潱	ye
潴	zhu
潷	bi
潻	shu
澅	hua
澌	si
澍	shu
澑	liu
澓	fu
澔	hao
澖	xian
澠	mian
澤	ze
澨	shi
澮	hui
澱	dian
澲	ye
澺	yi
激	ji
濁	zhuo
濅	jin
濆	fen
濈	ji
濊	hui
濐	zhu
濕	shi
濖	shu
濜	jin
濝	qi
濞	bi
濟	ji
濠	hao
濯	zhuo
濽	zan
瀀	you
瀃	si
瀄	zhi
瀇	wang
瀈	hui
瀌	biao
瀏	liu
瀗	xian
瀟	xiao
瀦	zhu
瀪	fan
瀭	shu
瀱	ji
瀵	fen
瀷	yi
瀿	fan
灂	zhuo
灈	qu
灌	guan
灏	hao
灒	zan
灝	hao
灞	ba
灟	zhu
灦	xian
灬	biao
灰	hui
灱	xiao
灲	xiao
灳	hui
灸	jiu
灼	zhuo
炁	qi
炃	fen
炄	niu
炈	yi
炌	kai
炏	kai
炑	mu
炙	zhi
炞	bian
炟	da
炠	xia
炢	zhu
炥	fu
炦	ba
炪	zhuo
炫	xuan
炷	zhu
点	dian
炻	shi
烃	ting
烍	xian
烏	wu
烒	shi
烗	kai
烚	xia
烛	zhu
烜	xuan
烠	hui
烣	hui
烦	fan
烨	ye
烩	hui
烬	jin
烰	fu
烴	ting
烵	zhuo
烶	ting
焂	shu
焇	xiao
焍	di
焏	ji
焐	wu
焘	dao
焚	fen
無	wu
焤	fu
焩	ping
焲	yi
煆	xia
煇	hui
煊	xuan
煏	bi
煑	zhu
煡	jin
煩	fan
煮	zhu
煶	shi
煸	bian
熃	wu
熓	wu
熘	liu
熚	bi
熛	biao
熟	shu
熠	yi
熤	yi
熪	yi
熫	zhi
熮	liu
熵	shang
熼	yi
熽	xiao
燁	ye
燌	fen
燍	si
燓	fen
燔	fan
燚	yi
燡	yi
燬	hui
燭	zhu
燱	yi
燴	hui
燵	da
燹	xian
燼	jin
燾	dao
爂	biao
爗	ye
爟	guan
爥	zhu
父	fu
爷	ye
爸	ba
爺	ye
爾	er
牑	bian
牖	you
牗	you
牛	niu
牜	niu
牞	jiu
牡	mu
牣	ren
牧	mu
物	wu
牫	ge
牭	si
牰	you
牱	ge
牳	mu
牴	di
牾	wu
犄	ji
犆	zhi
犙	san
犮	ba
犯	fan
犱	ji
犳	zhuo
犴	an
犵	ge
犹	you
狃	niu
狄	di
狇	mu
狋	yi
狎	xia
狔	ni
狖	you
狝	xian
狤	ji
狩	shou
狭	xia
狮	shi
狴	bi
狹	xia
狾	zhi
猃	xian
猇	xiao
猉	qi
猊	ni
猋	biao
猗	yi
猘	zhi
猠	dian
猪	zhu
献	xian
猵	bian
猶	you
猷	you
猾	hua
獅	shi
獆	hao
獈	yi
獋	hao
獔	hao
獘	bi
獙	bi
獢	xiao
獣	shou
獦	ge
獩	hui
獫	xian
獮	xian
獱	bian
獸	shou
獻	xian
玁	xian
玂	qi
玄	xuan
王	wang
玐	ba
玑	ji
玓	di
玖	jiu
玘	qi
玝	wu
玞	fu
玣	bian
现	xian
玴	yi
玵	an
玶	ping
玷	dian
玸	fu
玹	xuan
珆	yi
珋	liu
珌	bi
珒	jin
珗	xian
珠	zhu
珥	er
珦	xiang
珨	xia
珲	hui
珶	di
珷	wu
珸	wu
珽	ting
現	xian
琁	xuan
琄	xuan
琈	fu
琉	liu
琎	jin
琔	dian
琢	zuo
琦	qi
琪	qi
琯	guan
琸	zhuo
琻	jin
瑄	xuan
瑕	xia
瑠	liu
瑡	shi
瑦	wu
瑨	jin
瑬	liu
瑹	shu
瑾	jin
瑿	yi
璂	qi
璇	xuan
璍	ye
璑	wu
璖	qu
璠	fan
璡	jin
璢	liu
璣	ji
璤	hui
璧	bi
璩	qu
璯	hui
璶	jin
璹	shu
璻	zui
璿	xuan
瓆	zhi
瓉	zan
瓒	zan
瓖	xiang
瓘	guan
瓙	dao
瓚	zan
瓡	zhi
瓨	xiang
瓵	yi
瓶	ping
甁	ping
甂	bian
甈	qi
甉	xian
甋	di
甒	wu
甫	fu
由	you
电	dian
甶	fu
甸	dian
甹	ping
町	ting
画	hua
甼	ting
畀	bi
畁	bi
畂	liu
畄	liu
畆	mu
畈	fan
畉	fu
畐	fu
畒	mu
畗	da
留	liu
畝	mu
畞	mu
畢	bi
畣	da
畤	zhi
畦	qi
畩	yi
番	fan
畫	hua
畮	mu
異	yi
畱	liu
畵	hua
畸	ji
畿	ji
疁	liu
疎	shu
疏	shu
疐	zhi
疑	yi
疕	bi
疙	ge
疚	jiu
疜	xia
疣	you
疤	ba
疧	qi
疨	xia
疪	bi
疫	yi
疰	zhu
疷	zhi
疻	zhi
疾	ji
痃	xuan
痍	yi
痐	hui
痔	zhi
痚	xiao
痟	xiao
痡	fu
痣	zhi
痦	wu
痩	shou
痫	xian
痬	yi
痯	guan
痵	ji
痷	an
痹	bi
痺	bi
瘃	zhu
瘗	yi
瘝	guan
瘞	yi
瘠	ji
瘣	hui
瘤	liu
瘦	shou
瘨	dian
瘩	da
瘭	biao
瘱	yi
癁	fu
癅	liu
癇	xian
癎	xian
癏	guan
癔	yi
癙	shu
癜	dian
癠	ji
癣	xuan
癪	ji
癫	dian
癬	xuan
癯	qu
癲	dian
癹	ba
皀	ji
皍	ji
皓	hao
皕	bi
皛	xiao
皜	hao
皞	hao
皟	ze
皡	hao
皢	xiao
皣	ye
皥	hao
盀	qi
益	yi
盕	fan
盗	dao
盙	fu
盜	dao
盡	jin
盥	guan
盦	an
盫	an
目	mu
盳	wang
直	zhi
盵	qi
相	xiang
眂	shi
眄	mian
県	xian
眎	shi
眔	da
眙	yi
眝	zhu
眠	mian
眡	shi
眤	ni
眩	xuan
眱	di
眴	xuan
睇	di
睍	xian
睗	shi
睤	bi
睦	mu
睨	ni
睪	yi
睱	xia
睳	hui
睻	xuan
瞎	xia
瞓	fen
瞔	ze
瞖	yi
瞩	zhu
瞯	xian
瞱	ye
瞸	ye
瞺	hui
瞿	qu
矈	mian
矊	mian
矎	xuan
矏	mian
矔	guan
矚	zhu
矜	jin
矝	jin
矠	ze
矢	shi
矣	yi
知	zhi
矲	ba
石	shi
矵	qi
矶	ji
矹	wu
矾	fan
砆	fu
砋	zhi
砌	qi
砛	jin
砥	di
砩	fu
砪	mu
砫	zhu
砭	bian
砯	ping
硃	zhu
硌	ge
硍	xian
硐	dong
硖	xia
硛	yi
硝	xiao
硣	xiao
硤	xia
硫	liu
硴	hua
硺	zhuo
硿	kong
碁	qi
碔	wu
碕	qi
碘	dian
碛	qi
碥	bian
碧	bi
碬	xia
碲	di
碶	qi
碹	xuan
磂	liu
磃	si
磆	hua
磍	xia
磜	qi
磟	liu
磦	biao
磧	qi
磩	qi
磯	ji
磲	qu
磾	di
礋	ze
礏	ye
礒	yi
礥	xian
礩	zhi
礬	fan
礶	guan
示	shi
礻	shi
祀	si
祁	qi
祆	xian
祇	qi
祈	qi
祉	zhi
祍	ren
祎	yi
祏	shi
祐	you
祑	zhi
祓	fu
祔	fu
祗	zhi
祚	zuo
祛	qu
祝	zhu
祥	xiang
祦	wu
祩	zhu
祫	xia
祬	zhi
祭	ji
祲	jin
祶	di
祷	dao
祺	qi
祼	guan
祽	zui
禁	jin
禂	dao
禃	zhi
禆	bi
禈	hui
禉	you
福	fu
禑	wu
禒	xian
禔	zhi
禕	yi
禗	si
禘	di
禚	zhuo
禝	ji
禠	si
禣	fu
禤	xuan
禥	qi
禨	ji
禩	si
禱	dao
禶	zan
私	si
秂	ren
秇	yi
秈	xian
秎	fen
秏	hao
秓	zhi
秕	bi
秖	zhi
秜	ni
秞	you
秨	zuo
秩	zhi
秪	zhi
秫	shu
积	ji
秲	zhi
秷	zhi
秹	ren
移	yi
秼	zhu
秽	hui
秿	fu
稃	fu
稓	zuo
稔	ren
稘	ji
稙	zhi
稚	zhi
稡	zui
稥	xiang
稦	yi
稨	bian
稩	ji
稪	fu
稲	dao
稴	xian
稷	ji
稺	zhi
稻	dao
稽	ji
穄	ji
穆	mu
穉	zhi
穊	ji
積	ji
穓	yi
穖	ji
穘	xiao
穛	zhuo
穝	zui
穢	hui
穧	ji
穮	biao
穱	zhuo
究	jiu
空	kong
窆	bian
窋	zhu
窏	wu
窒	zhi
窙	xiao
窡	zhuo
窤	guan
窧	zhuo
窹	wu
竍	shi
竎	fu
竒	qi
竓	hao
竕	fen
竖	shu
竘	qu
竚	zhu
竢	si
竩	yi
竪	shu
竬	qu
竮	ping
竹	zhu
竺	zhu
笁	zhu
笄	ji
笆	ba
笈	ji
笑	xiao
笓	bi
笔	bi
笖	yi
笗	dong
笚	da
笛	di
笜	zhu
笥	si
符	fu
笪	da
第	di
笮	ze
笰	fu
笲	fan
笵	fan
笶	shi
笾	bian
筁	qu
筅	xian
筆	bi
筊	xiao
筋	jin
筑	zhu
筓	ji
答	da
筚	bi
筟	fu
筦	guan
筪	xia
筫	zhi
筮	shi
筯	zhu
筰	zuo
筱	xiao
筳	ting
筿	xiao
箄	bi
箅	bi
箆	bi
箇	ge
箌	dao
箕	ji
箙	fu
箜	kong
管	guan
箦	ze
箫	xiao
箮	xuan
箯	bian
箱	xiang
箲	xian
箳	ping
箷	yi
箸	zhu
箼	wu
箽	dong
箿	ji
範	fan
築	zhu
篒	shi
篠	xiao
篦	bi
篧	zhuo
篫	zhu
篲	hui
篳	bi
篴	di
簀	ze
簃	yi
簈	ping
簊	ji
簗	zhu
簘	xiao
簟	dian
簠	fu
簪	zan
簫	xiao
簭	shi
簮	zan
簯	qi
簱	qi
籂	shi
籇	hao
籍	ji
籎	yi
籏	qi
籓	fan
籗	zhuo
籧	qu
籩	bian
籭	si
籱	zhuo
籴	di
籵	fan
籼	xian
籾	ni
粃	bi
粅	wu
粉	fen
粊	bi
粑	ba
粪	fen
粫	er
粬	qu
粯	xian
粰	fu
粸	qi
糀	hua
糁	san
糂	san
糄	bian
糆	mian
糌	zan
糐	fu
糝	san
糞	fen
糣	san
糤	san
糬	shu
糮	xian
糳	zuo
糴	di
糹	si
糺	jiu
糾	jiu
糿	you
紀	ji
紉	ren
紐	niu
紒	ji
紓	shu
紙	zhi
級	ji
紛	fen
紝	ren
紟	jin
紤	jiu
紦	ba
紧	jin
紨	fu
紩	zhi
紪	qi
紱	fu
紵	zhu
紶	qu
紸	zhu
紼	fu
絁	shi
絃	xian
絇	qu
絉	shu
絊	zui
絍	ren
絑	zhu
絢	xuan
絤	xian
絥	fu
絧	dong
絲	si
絴	xiang
絵	hui
絷	zhi
絻	mian
綀	shu
綃	xiao
綍	fu
綎	ting
綒	fu
綕	zhi
継	ji
綛	ren
綥	qi
綦	qi
綨	qi
綫	xian
綬	shou
綮	qi
網	wang
綹	liu
綺	qi
綼	bi
綿	mian
緀	qi
緊	jin
緐	fan
緔	shang
緕	qi
緗	xiang
線	xian
緜	mian
緝	ji
締	di
緦	si
編	bian
緬	mian
緮	fu
緶	bian
緻	zhi
縀	xia
縇	xuan
縉	jin
縊	yi
縌	ni
縖	xia
縛	fu
縣	xian
縪	bi
縶	zhi
縸	mu
縼	xuan
績	ji
繁	fan
繄	yi
繊	xian
繋	ji
繏	xuan
繓	zuo
織	zhi
繖	san
繙	fan
繢	hui
繣	hua
繨	da
繪	hui
繴	bi
繶	yi
繹	yi
繼	ji
纃	qi
纋	you
纎	xian
纖	xian
纗	zui
纛	dao
纟	si
纠	jiu
纤	xian
纥	ge
级	ji
纪	ji
纫	ren
纴	ren
纷	fen
纸	zhi
纻	zhu
纽	niu
纾	shu
线	xian
绂	fu
织	zhi
绋	fu
绎	yi
绘	hui
绚	xuan
绡	xiao
继	ji
绩	ji
绮	qi
绱	shang
绵	mian
绶	shou
绺	liu
缃	xiang
缅	mian
缉	ji
缋	hui
缌	si
缏	bian
缐	xian
缔	di
编	bian
缙	jin
缚	fu
缢	yi
缼	qi
缾	ping
缿	xiang
罅	xia
罆	guan
罊	qi
罐	guan
网	wang
罒	wang
罔	wang
罘	fu
罜	zhu
罢	ba
罦	fu
罪	zui
罬	zhuo
置	zhi
罯	an
署	shu
罳	si
罶	liu
罷	ba
罼	bi
罽	ji
羀	liu
羁	ji
羇	ji
羈	ji
羍	da
羐	you
羑	you
羒	fen
羓	ba
羛	yi
羜	zhu
羝	di
羠	yi
羡	xian
羨	xian
義	yi
羳	fan
羵	fen
羿	yi
翂	fen
翇	fu
翈	xia
翊	yi
翌	yi
翏	liu
翐	zhi
翑	qu
翔	xiang
翙	hui
翚	hui
翛	xiao
翟	di
翢	dao
翥	zhu
翧	xuan
翬	hui
翳	yi
翻	fan
翼	yi
翽	hui
翾	xuan
翿	dao
耆	qi
而	er
耓	ting
耗	hao
耙	ba
耛	yi
耜	si
耝	qu
耤	ji
耭	ji
耰	you
耳	er
耴	yi
耶	ye
耷	da
聀	zhi
聈	you
职	zhi
聏	er
聕	hao
聛	bi
聜	di
聠	ping
聣	ni
聤	ting
聴	ting
職	zhi
聻	ni
聼	ting
聽	ting
肂	si
肄	yi
肆	si
肊	yi
肌	ji
肐	ge
肕	ren
肖	xiao
肢	zhi
肤	fu
肦	fen
肬	you
肵	qi
胈	ba
胊	qu
胑	zhi
胒	ni
胓	ping
胕	fu
胘	xian
胙	zuo
胝	zhi
胟	mu
胠	qu
胨	dong
胰	yi
胳	ge
胴	dong
胹	er
胺	an
脂	zhi
脊	ji
脐	qi
脜	you
脡	ting
脿	biao
腋	ye
腍	ren
腐	fu
腑	fu
腖	dong
腝	ni
腣	di
腤	an
腧	shu
腷	bi
腹	fu
腺	xian
腻	ni
腼	mian
膄	shou
膈	ge
膉	yi
膌	ji
膘	biao
膚	fu
膣	zhi
膩	ni
膮	xiao
膰	fan
膱	zhi
膷	xiang
膹	fen
臂	bi
臆	yi
臍	qi
臔	xian
臕	biao
臞	qu
臡	ni
臮	ji
臱	mian
至	zhi
致	zhi
臵	ge
臸	zhi
臼	jiu
臽	xian
舅	jiu
舊	jiu
舏	jiu
舐	shi
舒	shu
舓	shi
舘	guan
舙	hua
舝	xia
舞	wu
舠	dao
舣	yi
舤	fan
舧	fan
舭	bi
舳	zhu
舴	ze
舷	xian
舸	ge
舺	xia
艀	fu
艇	ting
艏	shou
艑	bian
艒	mu
艔	dao
艗	yi
艤	yi
艥	ji
艩	qi
艴	fu
艵	ping
艺	yi
艼	ting
芅	yi
芇	mian
芑	qi
芔	hui
芖	zhi
芗	xiang
芙	fu
芜	wu
芝	zhi
芞	qi
芢	ren
芣	fu
芨	ji
芪	qi
芬	fen
芭	ba
芰	ji
花	hua
芲	hua
芴	wu
芷	zhi
苃	you
苄	bian
苅	yi
苋	xian
苎	zhu
苖	di
苜	mu
苡	yi
苢	yi
苨	ni
苮	xian
苳	dong
苹	ping
苻	fu
苾	bi
茀	fu
茁	zhuo
范	fan
茇	ba
茋	zhi
茍	ji
茖	ge
茠	hao
茣	wu
茤	ji
茯	fu
茱	zhu
茴	hui
茿	zhu
荂	fu
荅	da
荋	er
荌	an
荏	ren
荓	ping
荕	jin
荗	shu
荙	da
荜	bi
荟	hui
荠	ji
荩	jin
荴	fu
荵	ren
荸	bi
荻	di
莁	wu
莇	zhu
莋	zuo
莛	ting
莜	you
莞	guan
莠	you
莣	wang
莥	niu
莧	xian
莩	fu
莯	mu
莳	shi
莶	xian
莸	you
菂	di
菃	qu
菄	dong
菔	fu
菝	ba
菧	di
菫	jin
華	hua
菴	an
菵	wang
菽	shu
菿	dao
萁	qi
萆	bi
萋	qi
萍	ping
萓	yi
萕	qi
萛	jiu
萞	bi
萟	yi
萧	xiao
萫	xiang
萯	fu
萱	xuan
萲	xuan
萷	xiao
萹	bian
萻	an
葂	mian
葃	zuo
葄	zuo
葉	ye
葊	an
葋	qu
葍	fu
著	zhu
葙	xiang
葚	ren
葛	ge
董	dong
葪	ji
葶	ting
葹	shi
葺	qi
蒁	shu
蒂	di
蒄	guan
蒈	kai
蒊	hua
蒏	you
蒒	shi
蒔	shi
蒥	liu
蒧	dian
蒶	fen
蒺	ji
蒿	hao
蓅	liu
蓍	shi
蓒	xuan
蓖	bi
蓙	zuo
蓟	ji
蓭	an
蓱	ping
蓳	jin
蓺	yi
蓽	bi
蔇	ji
蔈	biao
蔋	di
蔏	shang
蔐	di
蔕	di
蔙	xuan
蔧	hui
蔬	shu
蔶	ze
蔽	bi
蕀	ji
蕃	fan
蕇	dian
蕐	hua
蕕	you
蕖	qu
蕙	hui
蕞	zui
蕡	fen
蕧	fu
蕪	wu
蕫	dong
蕬	si
蕭	xiao
蕲	qi
蕸	xia
蕺	ji
蕼	si
蕿	xuan
薃	hao
薅	hao
薈	hui
薉	hui
薊	ji
薌	xiang
薏	yi
薘	da
薜	bi
薟	xian
薠	fan
薥	shu
薧	hao
薯	shu
薺	ji
薾	er
薿	ni
藃	xiao
藄	qi
藉	ji
藊	bian
藎	jin
藓	xian
藖	xian
藙	yi
藝	yi
藡	di
藢	zhi
藨	biao
藩	fan
藰	liu
藱	hui
藷	shu
藼	xuan
蘁	wu
蘄	qi
蘋	ping
蘎	ji
蘐	xuan
蘙	yi
蘚	xian
蘤	hua
蘧	qu
蘩	fan
蘮	ji
蘳	hui
蘵	zhi
蘻	ji
虀	ji
虈	xiao
虉	yi
虒	si
虓	xiao
虙	fu
號	hao
虪	shu
虮	ji
虱	shi
虲	xia
虺	hui
虼	ge
虾	xia
蚀	shi
蚁	yi
蚃	xiang
蚆	ba
蚑	qi
蚔	qi
蚘	hui
蚚	qi
蚝	hao
蚞	mu
蚟	wang
蚠	fen
蚡	fen
蚥	fu
蚨	fu
蚬	xian
蚭	ni
蚰	you
蚲	ping
蚴	you
蚹	fu
蚿	xian
蛀	zhu
蛆	qu
蛐	qu
蛒	ge
蛔	hui
蛕	hui
蛗	fu
蛛	zhu
蛜	yi
蛝	xian
蛡	yi
蛢	ping
蛣	qi
蛦	yi
蛧	wang
蛭	zhi
蛳	si
蛴	qi
蜀	shu
蜁	xuan
蜅	fu
蜆	xian
蜈	wu
蜉	fu
蜌	bi
蜏	you
蜓	ting
蜔	dian
蜖	hui
蜘	zhi
蜝	qi
蜞	qi
蜤	si
蜴	yi
蜺	ni
蝀	dong
蝃	di
蝄	wang
蝏	ting
蝒	mian
蝕	shi
蝖	xuan
蝙	bian
蝜	fu
蝠	fu
蝣	you
蝦	xia
蝨	shi
蝫	zhu
蝮	fu
蝺	qu
螄	si
螏	ji
螐	wu
螔	yi
螕	bi
螖	hua
螘	yi
螠	yi
螧	qi
螪	shang
螫	shi
螮	di
螲	zhi
螶	qu
蟂	xiao
蟉	liu
蟏	xiao
蟓	xiang
蟕	zui
蟖	si
蟙	zhi
蟝	qu
蟣	ji
蟪	hui
蟰	xiao
蟱	wu
蟴	si
蟻	yi
蟽	da
蟿	qi
蠁	xiang
蠉	xuan
蠋	zhu
蠌	ze
蠐	qi
蠔	hao
蠗	zhuo
蠜	fan
蠨	xiao
蠩	zhu
蠮	ye
蠴	shu
蠷	qu
蠼	qu
蠾	zhu
蠿	zhuo
衈	er
衐	qu
衒	xuan
術	shu
衔	xian
衖	xiang
衘	xian
衜	dao
衟	dao
衢	qu
衣	yi
衤	yi
表	biao
衪	yi
衭	fu
衯	fen
衵	yi
衹	zhi
衼	zhi
衽	ren
衿	jin
袆	hui
袏	zuo
袐	bi
袘	yi
袛	di
袝	fu
袟	zhi
袠	zhi
袣	yi
袨	xuan
袪	qu
袱	fu
袵	ren
袻	er
袼	ge
袾	zhu
裋	shu
裓	ge
裔	yi
裗	liu
裚	ji
裛	yi
裨	bi
裱	biao
裳	shang
製	zhi
裿	yi
褀	qi
褄	qi
複	fu
褊	bian
褔	fu
褘	hui
褡	da
褷	shi
褹	yi
褼	xian
褾	biao
襀	ji
襄	xiang
襅	bi
襆	fu
襋	ji
襎	fan
襐	xiang
襗	ze
襞	bi
襟	jin
襡	shu
襣	bi
襥	fu
襧	zhi
襩	shu
襫	shi
襳	xian
襸	zan
襹	shi
襼	yi
覄	fu
覆	fu
覇	ba
覉	ji
覊	ji
覌	guan
覍	bian
視	shi
覗	si
覟	zhi
覬	ji
覰	qu
覲	jin
観	guan
覷	qu
覻	qu
覿	di
觀	guan
观	guan
视	shi
觊	ji
觌	di
觐	jin
觑	qu
觔	jin
觗	zhi
觙	ji
觝	di
觞	shang
觟	hua
觡	ge
觢	shi
觬	ni
觭	ji
觯	zhi
觱	bi
觴	shang
觶	zhi
觺	yi
訃	fu
計	ji
訉	fan
訑	yi
訒	ren
訖	qi
記	ji
訜	fen
訤	xiao
訧	you
訨	zhi
訲	yi
訳	yi
註	zhu
詂	fu
詆	di
詍	yi
詑	yi
詒	yi
詓	qu
評	ping
詖	bi
詘	qu
詙	ba
詚	da
詝	zhu
詣	yi
試	shi
詨	xiao
詩	shi
詯	hui
話	hua
詳	xiang
詼	hui
誀	er
誃	yi
誅	zhu
誈	wu
誋	ji
誌	zhi
認	ren
誓	shi
誔	ting
誘	you
誝	an
誟	xiao
誢	xian
誣	wu
誤	wu
誨	hui
誮	hua
誳	qu
誵	xiao
誷	wang
誸	xian
誼	yi
誽	ni
諁	zhuo
諅	ji
諆	qi
諌	dong
諎	ze
諑	zhuo
諕	hao
諘	biao
諙	hua
諟	shi
諠	xuan
諡	shi
諣	hua
諦	di
諨	fu
諪	ting
諬	qi
諱	hui
諳	an
諴	xian
諸	zhu
諼	xuan
諽	ge
諿	qi
謁	ye
謌	ge
謏	xiao
謚	shi
謤	biao
謪	shang
謮	ze
謶	zhuo
謹	jin
謻	yi
譁	hua
譏	ji
譓	hui
譕	wu
識	shi
譞	xuan
譣	xian
譤	ji
譩	yi
譭	hui
譮	hua
譯	yi
議	yi
譹	hao
譿	hui
讂	xuan
讃	zan
讉	yi
變	bian
讚	zan
讛	yi
计	ji
讣	fu
认	ren
讥	ji
讫	qi
议	yi
记	ji
讱	ren
讳	hui
评	ping
识	shi
诋	di
诎	qu
诐	bi
译	yi
诒	yi
试	shi
诗	shi
诘	ji
诙	hui
诛	zhu
话	hua
诣	yi
详	xiang
诬	wu
误	wu
诱	you
诲	hui
诸	zhu
诼	zhuo
谊	yi
谒	ye
谖	xuan
谙	an
谛	di
谥	shi
谨	jin
谺	xia
谻	ji
豈	qi
豉	shi
豍	bi
豎	shu
豏	xian
豑	zhi
豒	zhi
豕	shi
豗	hui
豙	yi
豛	yi
豝	ba
象	xiang
豧	fu
豪	hao
豬	zhu
豮	fen
豴	di
豶	fen
豷	yi
豸	zhi
豻	an
貁	you
貄	si
貉	hao
貋	an
貎	ni
貏	bi
貖	yi
負	fu
貤	yi
販	fan
貫	guan
責	ze
貭	zhi
貮	er
貯	zhu
貰	shi
貱	bi
貳	er
貶	bian
貽	yi
賁	bi
賄	hui
賛	zan
賞	shang
賢	xian
賦	fu
質	zhi
賫	ji
賮	jin
賷	ji
賹	yi
賻	fu
賾	ze
贀	yi
贄	zhi
贆	biao
贊	zan
贐	jin
贒	xian
贔	bi
贖	shu
贘	shang
贙	xuan
负	fu
责	ze
贤	xian
质	zhi
贩	fan
贬	bian
贮	zhu
贯	guan
贰	er
贳	shi
贻	yi
贽	zhi
贿	hui
赆	jin
赋	fu
赍	ji
赎	shu
赏	shang
赑	bi
赙	fu
赜	ze
赞	zan
赮	xia
赳	jiu
赴	fu
起	qi
赻	xian
趆	di
趋	qu
趌	ji
趣	qu
趨	qu
趰	er
趱	zan
趲	zan
趺	fu
趾	zhi
跁	ba
跂	qi
跇	yi
跋	ba
跓	zhu
跕	dian
跖	zhi
跗	fu
跜	ni
跠	yi
跡	ji
跣	xian
跦	zhu
跭	xiang
跱	zhi
跶	da
跸	bi
跹	xian
跻	ji
跽	ji
跾	shu
踃	xiao
踇	mu
踈	shu
踑	qi
踖	ji
踦	yi
踬	zhi
踮	dian
踯	zhi
踶	di
踾	fu
蹈	dao
蹊	qi
蹎	dian
蹐	ji
蹓	liu
蹔	zan
蹕	bi
蹟	ji
蹠	zhi
蹢	di
蹮	xian
蹯	fan
躀	guan
躂	da
躃	bi
躄	bi
躅	zhu
躋	ji
躌	wu
躑	zhi
躓	zhi
躚	xian
躣	qu
躤	ji
躮	fen
躯	qu
躵	ren
躸	ji
躻	kong
軀	qu
軄	zhi
軇	dao
軒	xuan
軓	fan
軔	ren
軗	shu
軝	qi
軥	qu
軧	di
軬	fan
軴	zhu
軷	ba
軹	zhi
軼	yi
軽	zhi
軾	shi
軿	ping
輀	er
輆	kai
輊	zhi
輏	you
輔	fu
輗	ni
輝	hui
輞	wang
輢	yi
輧	ping
輨	guan
輯	ji
輱	xian
輵	ge
輶	you
輸	shu
輹	fu
輻	fu
轄	xia
轒	fen
轓	fan
轕	ge
轙	yi
轚	ji
轜	er
轩	xuan
轫	ren
轵	zhi
轶	yi
轼	shi
轾	zhi
辅	fu
辉	hui
辋	wang
辐	fu
辑	ji
输	shu
辖	xia
辠	zui
辡	bian
辧	bian
辨	bian
辩	bian
辫	bian
辮	bian
辯	bian
辷	yi
边	bian
辺	bian
辻	shi
达	da
迄	qi
迆	yi
迉	qi
迋	wang
迏	da
近	jin
返	fan
迕	wu
迖	da
迚	da
进	jin
迡	ni
迣	zhi
迤	yi
迩	er
迪	di
迬	zhu
迮	ze
述	shu
迲	qu
迴	hui
迵	dong
迶	you
迹	ji
迻	yi
适	shi
逆	ni
选	xuan
逌	you
逍	xiao
逐	zhu
递	di
逓	di
逘	yi
逜	wu
逝	shi
逥	hui
逰	you
進	jin
逸	yi
逹	da
逼	bi
遈	shi
遊	you
遍	bian
遐	xia
道	dao
達	da
遗	yi
遛	liu
遞	di
遦	guan
適	shi
遰	di
選	xuan
遺	yi
遾	shi
避	bi
邇	er
邉	bian
邊	bian
邑	yi
邒	ting
邔	qi
邞	fu
邬	wu
邮	you
邲	bi
邸	di
邺	ye
邾	zhu
邿	shi
郅	zhi
郆	ji
郙	fu
郚	wu
郛	fu
郝	hao
郩	xiao
郪	qi
郱	ping
郳	ni
郵	you
郷	xiang
郼	yi
鄃	shu
鄉	xiang
鄊	xiang
鄓	ye
鄔	wu
鄕	xiang
鄗	hao
鄙	bi
鄜	fu
鄨	bi
鄪	bi
鄴	ye
鄼	zan
鄾	you
鄿	ji
酇	zan
酉	you
酌	zhuo
酏	yi
酒	jiu
酔	zui
酚	fen
酜	fu
酭	you
酯	zhi
酰	xian
酻	zui
醉	zui
醎	xian
醫	yi
醳	yi
醷	yi
釆	bian
釈	shi
釉	you
释	shi
釋	shi
野	ye
金	jin
釒	jin
釔	yi
釖	dao
釛	ba
釜	fu
釞	zhi
釟	ba
釡	fu
釩	fan
釪	hua
釫	hua
釮	qi
釱	di
釲	si
釴	yi
釶	shi
釾	ye
釿	jin
鈀	ba
鈇	fu
鈓	ren
鈕	niu
鈖	fen
鈘	yi
鈠	yi
鈮	ni
鈰	shi
鈶	si
鈻	si
鈼	zuo
鈾	you
鉂	shi
鉃	shi
鉄	zhi
鉇	shi
鉈	shi
鉉	xuan
鉍	bi
鉐	shi
鉒	zhu
鉘	fu
鉜	fu
鉥	shu
鉧	mu
鉪	di
鉬	mu
鉯	yi
鉰	si
鉺	er
鉻	ge
鉽	shi
銄	xiang
銈	ji
銋	ren
銍	zhi
銑	xian
銖	zhu
銗	xiang
銛	xian
銜	xian
銡	ji
銥	yi
銨	an
銪	you
銯	si
銴	shi
銷	xiao
鋈	wu
鋕	zhi
鋖	si
鋗	xuan
鋘	hua
鋜	zhuo
鋣	ye
鋧	xian
鋳	zhu
鋶	liu
鋷	zui
錊	zui
錌	an
錎	xian
錓	kong
錡	qi
錤	ji
錦	jin
錧	guan
錰	shu
錵	hua
錶	biao
錻	wu
錾	zan
鍁	xian
鍇	kai
鍉	di
鍌	xian
鍑	fu
鍓	ji
鍜	xia
鍢	fu
鍦	shi
鍱	ye
鍹	xuan
鍽	bian
鎁	ye
鎉	da
鎋	xia
鎎	kai
鎏	liu
鎑	ye
鎝	da
鎞	bi
鎢	wu
鎦	liu
鎧	kai
鎬	hao
鎰	yi
鎶	ge
鎼	xia
鏆	guan
鏇	xuan
鏉	shou
鏎	bi
鏐	liu
鏑	di
鏒	san
鏔	yi
鏚	qi
鏢	biao
鏣	shu
鏨	zan
鏬	xia
鏵	hua
鏶	ji
鏸	hui
鏾	san
鐁	si
鐂	liu
鐇	fan
鐌	xiang
鐕	zan
鐖	ji
鐟	zan
鐢	fan
鐦	kai
鐬	hui
鐯	zhuo
鐲	zhuo
鐴	bi
鐷	ye
鐼	fen
鐽	da
鐿	yi
鑄	zhu
鑇	ji
鑕	zhi
鑙	ji
鑜	shang
鑣	biao
鑦	xian
鑲	xiang
鑵	guan
鑺	qu
钃	zhu
钅	jin
钇	yi
钒	fan
钨	wu
钮	niu
钯	ba
钼	mu
钿	dian
铀	you
铈	shi
铉	xuan
铋	bi
铌	ni
铒	er
铕	you
铘	ye
铚	zhi
铠	kai
铢	zhu
铦	xian
铧	hua
铬	ge
铱	yi
铵	an
铸	zhu
铻	wu
销	xiao
锍	liu
锎	kai
锜	qi
锦	jin
锧	zhi
锨	xian
锴	kai
锶	si
镉	ge
镏	liu
镒	yi
镖	biao
镝	di
镟	xuan
镠	liu
镯	zhuo
镱	yi
镳	biao
镶	xiang
镹	jiu
镼	qu
閇	bi
閉	bi
開	kai
閐	san
閑	xian
閒	xian
閕	xia
閜	xia
閞	bian
閟	bi
関	guan
閣	ge
閤	ge
閮	ting
閴	qu
闃	qu
闇	an
闓	kai
闗	guan
闙	qi
關	guan
闠	hui
闭	bi
闲	xian
闿	kai
阁	ge
阄	jiu
阒	qu
阓	hui
阘	da
阜	fu
阝	fu
阢	wu
阤	zhi
阯	zhi
阹	qu
阺	di
阼	zuo
阽	dian
附	fu
际	ji
陎	shu
限	xian
陑	er
陚	fu
陛	bi
陜	xia
陟	zhi
陥	xian
陦	dao
险	xian
陭	yi
陷	xian
険	xian
陼	zhu
陿	xia
隃	shu
隄	di
隌	an
隓	hui
隔	ge
隖	wu
際	ji
隝	dao
險	xian
隫	fen
隬	ni
隭	er
隮	ji
隯	dao
隲	zhi
隳	hui
隻	zhi
隿	yi
集	ji
雉	zhi
雚	guan
雞	ji
雡	liu
雦	ji
雧	ji
雮	mu
雰	fen
雸	an
雺	wu
電	dian
雾	wu
霁	ji
霂	mu
霄	xiao
霆	ting
霋	qi
霓	ni
霔	zhu
霘	dong
霚	wu
霞	xia
霤	liu
霧	wu
霬	yi
霰	xian
霵	ji
霸	ba
霽	ji
靛	dian
面	mian
靣	mian
靥	ye
靧	hui
靨	ye
革	ge
靭	ren
靮	di
靰	wu
靱	ren
靳	jin
靵	niu
靶	ba
靼	da
靾	yi
鞈	ge
鞌	an
鞍	an
鞑	da
鞓	ting
鞙	xuan
鞚	kong
鞝	shang
鞪	mu
鞭	bian
鞮	di
鞷	ge
鞸	bi
鞿	ji
韃	da
韅	xian
韌	ren
韍	fu
韐	ge
韚	ge
韠	bi
韧	ren
韨	fu
韭	jiu
韮	jiu
韯	xian
韱	xian
韲	ji
韽	an
響	xiang
頁	ye
項	xiang
頉	yi
頎	qi
頔	di
頤	yi
頥	yi
頩	ping
頫	fu
頮	hui
頲	ting
顈	xuan
顊	yi
顕	xian
顗	yi
顚	dian
顛	dian
顥	hao
顪	hui
顯	xian
页	ye
项	xiang
颀	qi
颋	ting
颐	yi
颒	hui
颠	dian
颢	hao
颩	biao
颫	fu
颬	xia
颮	biao
颰	ba
颴	xuan
颷	biao
颸	si
颽	kai
颿	fan
飀	liu
飂	liu
飅	liu
飆	biao
飇	biao
飈	biao
飊	biao
飑	biao
飔	si
飗	liu
飙	biao
飚	biao
飜	fan
食	shi
飠	shi
飢	ji
飤	si
飨	xiang
飪	ren
飯	fan
飰	fan
飴	yi
飵	zuo
飶	bi
飼	si
飾	shi
餁	ren
餉	xiang
餌	er
餙	shi
餝	shi
餡	xian
餣	ye
館	guan
餯	hui
餴	fen
餾	liu
饁	ye
饆	bi
饉	jin
饊	san
饐	yi
饑	ji
饗	xiang
饙	fen
饟	xiang
饡	zan
饣	shi
饥	ji
饪	ren
饭	fan
饰	shi
饲	si
饴	yi
饵	er
饷	xiang
馅	xian
馆	guan
馌	ye
馏	liu
馑	jin
馓	san
首	shou
香	xiang
馚	fen
馜	ni
馝	bi
馣	an
馥	fu
馦	xian
馩	fen
馰	di
馵	zhu
馶	zhi
馽	zhi
駀	you
駅	yi
駆	qu
駈	qu
駐	zhu
駙	fu
駛	shi
駜	bi
駟	si
駠	liu
駤	zhi
駧	dong
駬	er
駯	zhu
駵	liu
駽	xuan
騎	qi
騏	qi
騔	ge
騖	wu
騢	xia
騦	si
騭	zhi
騮	liu
騹	qi
騺	zhi
驃	biao
驅	qu
驆	bi
驇	zhi
驊	hua
驍	xiao
驑	liu
驔	dian
驛	yi
驜	ye
驤	xiang
驥	ji
驫	biao
驱	qu
驶	shi
驷	si
驸	fu
驻	zhu
驿	yi
骁	xiao
骅	hua
骉	biao
骐	qi
骑	qi
骘	zhi
骛	wu
骝	liu
骠	biao
骥	ji
骧	xiang
骮	yi
骶	di
骼	ge
髀	bi
髇	xiao
髐	xiao
髟	biao
髢	di
髲	bi
髴	fu
髵	er
髷	qu
髻	ji
鬄	di
鬏	jiu
鬐	qi
鬖	san
鬮	jiu
鬲	ge
鬴	fu
鬸	liu
鬺	shang
鬾	ji
鬿	qi
魃	ba
魈	xiao
魌	qi
魍	wang
魓	bi
魕	ji
魛	dao
魜	ren
魞	ba
魢	ji
魵	fen
魷	you
魻	xia
魼	qu
鮃	ping
鮄	fu
鮅	bi
鮊	ba
鮋	you
鮒	fu
鮖	shi
鮗	dong
鮛	shu
鮝	xiang
鮞	er
鮟	an
鮢	zhu
鮨	yi
鮮	xian
鮯	ge
鮰	hui
鮲	fu
鮸	mian
鯃	wu
鯕	qi
鯗	xiang
鯚	ji
鯟	dong
鯢	ni
鯣	yi
鯦	jiu
鯯	zhi
鯳	di
鯴	shi
鯺	zhu
鯾	bian
鯿	bian
鰏	bi
鰒	fu
鰕	xia
鰘	shi
鰚	xuan
鰝	hao
鰞	wu
鰡	liu
鰣	shi
鰤	shi
鰥	guan
鰭	qi
鰴	hui
鰶	ji
鰸	qu
鰾	biao
鰿	ji
鱀	ji
鱁	zhu
鱋	qu
鱌	xiang
鱕	fan
鱜	xiang
鱝	fen
鱞	guan
鱪	shu
鱭	ji
鱰	shu
鱶	xiang
鱹	guan
鱻	xian
鱽	dao
鱾	ji
鱿	you
鲃	ba
鲅	ba
鲆	ping
鲉	you
鲋	fu
鲌	ba
鲕	er
鲚	ji
鲜	xian
鲞	xiang
鲥	shi
鲫	ji
鲯	qi
鲵	ni
鲺	shi
鲼	fen
鲾	bi
鳆	fu
鳊	bian
鳍	qi
鳏	guan
鳔	biao
鳤	guan
鳦	yi
鳧	fu
鳩	jiu
鳬	fu
鳮	ji
鳲	shi
鳷	zhi
鳺	fu
鳾	shi
鴐	ge
鴔	fu
鴘	bian
鴙	zhi
鴚	ge
鴝	qu
鴞	xiao
鴮	wu
鴯	er
鴲	zhi
鴵	xiao
鴸	zhu
鴿	ge
鵀	ren
鵋	ji
鵐	wu
鵖	bi
鵡	wu
鵨	shu
鵩	fu
鵪	an
鵫	zhuo
鵸	qi
鵺	ye
鵼	kong
鶀	qi
鶂	yi
鶃	yi
鶇	dong
鶈	qi
鶍	yi
鶏	ji
鶐	shu
鶕	an
鶝	fu
鶩	wu
鶫	dong
鶱	xian
鶳	shi
鶷	xia
鶹	liu
鶺	ji
鷁	yi
鷄	ji
鷊	yi
鷍	xiao
鷑	ji
鷖	yi
鷙	zhi
鷚	liu
鷝	bi
鷟	zhuo
鷡	wu
鷥	si
鷧	yi
鷨	hua
鷩	bi
鷭	fan
鷲	jiu
鷳	xian
鷴	xian
鷼	xian
鷾	yi
鸃	yi
鸄	ji
鸅	ze
鸈	ye
鸐	di
鸛	guan
鸜	qu
鸠	jiu
鸡	ji
鸤	shi
鸫	dong
鸮	xiao
鸲	qu
鸶	si
鸷	zhi
鸸	er
鸽	ge
鹀	wu
鹇	xian
鹉	wu
鹌	an
鹜	wu
鹝	yi
鹠	liu
鹡	ji
鹢	yi
鹥	yi
鹨	liu
鹫	jiu
鹳	guan
鹶	jin
鹹	xian
麀	you
麂	ji
麆	zhu
麈	zhu
麍	liu
麑	ni
麒	qi
麔	jiu
麘	xiang
麙	xian
麡	qi
麩	fu
麪	mian
麫	mian
麬	fu
麮	qu
麯	qu
麱	fu
麲	xian
麴	qu
麵	mian
麸	fu
麹	qu
麺	mian
麾	hui
黂	fen
黅	jin
黊	hua
黍	shu
黓	yi
黝	you
點	dian
黟	yi
黠	xia
黢	qu
黯	an
黳	yi
黹	zhi
黺	fen
黻	fu
黼	fu
黽	mian
鼁	qu
鼄	zhu
鼅	zhi
鼊	bi
鼕	dong
鼖	fen
鼜	qi
鼠	shu
鼡	shu
鼢	fen
鼥	ba
鼩	qu
鼫	shi
鼬	you
鼭	shi
鼮	ting
鼯	wu
鼶	si
鼸	xian
鼻	bi
鼿	wu
齀	wu
齊	qi
齌	ji
齎	ji
齏	ji
齐	qi
齑	ji
齚	ze
齨	jiu
齮	yi
齯	ni
齰	ze
齲	qu
齸	yi
齻	dian
齽	jin
龋	qu
龖	da
龘	da
龬	wang
龵	shou
鿔	ge
鿭	ni
鿱	ba
鿴	dong
鿵	zhi
鿷	an
